{
  "manifest_version": 3,
  "name": "Refden",
  "description": "Extension for adding references to refden.com",
  "version": "4.0.0",
  "background": {
    "service_worker": "dist/build/background/bundle.js"
  },
  "icons": {
    "16": "icon16.png",
    "48": "icon48.png",
    "128": "icon128.png"
  },
  "action": {
    "default_icon": "icon.png",
    "default_popup": "popup.html",
    "default_title": "Refden"
  },
  "permissions": [
    "storage"
  ],
  "host_permissions": [
    "https://doi.org/",
    "https://www.refden.com/"
  ],
  "content_scripts": [{
    "matches": ["<all_urls>"],
    "js": ["dist/build/app/bundle.js"],
    "run_at": "document_idle"
  }]
}
